No,Ref,V,BV,UB
--,---,-,--,--
1,387,21.551,1.248,
2,387,21.386,1.375,
3,387,21.711,1.2,
4,387,20.788,1.418,
5,387,18.513,1.305,
6,387,22.192,0.867,
7,387,21.693,0.748,
8,387,22.122,0.868,
9,387,19.181,0.82,
10,387,21.839,0.796,
11,387,20.117,0.626,
12,387,21.361,0.709,
13,387,18.12,0.691,
14,387,19.741,1.19,
15,387,19.249,0.488,
16,387,21.669,0.731,
17,387,22.314,0.802,
18,387,21.714,0.814,
19,387,17.05,0.586,
20,387,22.151,0.831,
21,387,18.209,0.912,
22,387,20.464,1.395,
23,387,19.741,0.579,
24,387,22.13,0.761,
25,387,18.565,0.309,
26,387,22.085,0.85,
27,387,17.422,0.707,
28,387,20.463,1.391,
29,387,18.138,0.876,
30,387,20.176,1.633,
31,387,18.537,0.585,
32,387,22.401,1.445,
33,387,21.526,1.446,
34,387,22.098,0.838,
35,387,18.374,0.537,
36,387,18.861,0.628,
37,387,22.034,0.822,
38,387,21.057,1.383,
39,387,17.534,0.903,
40,387,22.275,1.324,
41,387,21.502,1.357,
42,387,18.737,0.859,
43,387,20.966,0.585,
44,387,20.621,1.327,
45,387,20.509,0.582,
46,387,18.018,0.737,
47,387,18.015,0.877,
48,387,18.193,0.843,
49,387,19.76,0.965,
50,387,20.978,1.406,
51,78,20.985,0.679,
51,387,21.023,0.648,
52,387,20.428,0.566,
53,78,21.063,0.582,
53,387,21.147,0.671,
54,387,22.283,0.825,
55,387,22.534,1.363,
56,78,18.722,0.501,
56,387,18.715,0.514,
57,78,22.269,0.572,
57,387,22.019,0.783,
58,78,21.402,0.783,
58,387,21.416,0.773,
59,78,19.229,0.792,
59,387,19.214,0.845,
60,78,21.217,0.699,
60,387,21.275,0.658,
61,387,22.39,1.447,
62,78,18.636,0.472,
62,387,18.619,0.507,
63,78,19.64,0.489,
63,387,19.668,0.513,
64,387,21.589,0.767,
65,78,21.148,1.324,
65,387,21.296,1.136,
66,387,16.66,0.633,
67,387,21.432,0.917,
68,78,20.386,1.437,
68,387,20.358,1.691,
69,78,18.525,0.815,
69,387,18.522,0.802,
70,78,21.381,0.622,
70,387,21.391,0.778,
71,78,16.333,0.461,
71,387,16.342,0.467,
72,78,17.25,0.983,
72,387,17.232,0.984,
73,78,19.835,0.478,
73,387,19.825,0.512,
74,78,21.33,0.66,
74,387,21.352,0.713,
75,78,20.772,0.751,
75,387,20.773,0.758,
76,387,22.174,0.857,
77,78,20.454,0.698,
77,387,20.458,0.648,
78,78,19.861,0.505,
78,387,19.874,0.523,
79,78,20.097,0.529,
79,387,20.09,0.545,
80,78,21.295,0.901,
80,387,21.281,0.923,
81,78,20.203,0.519,
81,387,20.224,0.553,
82,78,22.51,0.944,
82,387,22.57,0.895,
83,78,20.318,0.553,
83,387,20.319,0.516,
84,78,22.401,1.016,
84,387,22.303,0.829,
85,78,20.526,1.457,
85,387,20.562,1.352,
86,387,21.401,1.599,
87,78,18.748,0.701,
87,387,18.744,0.698,
88,78,21.969,1.756,
88,387,22.04,1.339,
89,78,20.703,0.579,
89,387,20.693,0.612,
90,78,19.68,0.802,
90,387,19.671,0.8,
91,78,21.079,1.663,
91,387,21.088,1.373,
92,78,20.452,1.13,
92,387,20.472,1.083,
93,78,20.619,1.404,
93,387,20.669,1.242,
94,78,22.331,0.779,
94,387,22.263,0.851,
95,78,20.961,1.284,
95,387,20.979,1.103,
96,78,20.56,1.519,
96,387,20.58,1.41,
97,78,18.485,0.573,
97,387,18.503,0.594,
98,78,19.421,0.926,
98,387,19.452,0.893,
99,78,19.958,0.516,
99,387,19.987,0.534,
100,78,18.315,0.765,
100,387,18.334,0.771,
101,78,20.589,0.649,
101,387,20.577,0.659,
102,78,21.998,0.808,
102,387,21.989,0.8,
103,78,20.936,1.318,
103,387,20.994,1.252,
104,78,17.95,1.08,
104,387,17.945,1.069,
105,78,16.439,0.56,
105,387,16.446,0.558,
106,78,18.648,0.632,
106,387,18.66,0.65,
107,78,21.387,0.8,
107,387,21.418,0.834,
108,78,19.755,0.489,
108,387,19.762,0.519,
109,78,19.697,0.528,
109,387,19.687,0.543,
110,78,17.516,0.69,
110,387,17.505,0.693,
111,78,20.112,1.093,
111,387,20.093,1.051,
112,78,19.37,1.417,
112,387,19.374,1.338,
113,78,21.714,0.796,
113,387,21.728,0.734,
114,78,21.578,0.959,
114,387,21.557,1.072,
115,78,18.768,0.5,
115,387,18.754,0.519,
116,78,20.256,0.531,
116,387,20.231,0.551,
117,78,19.209,0.483,
117,387,19.21,0.512,
118,78,20.756,0.709,
118,387,20.762,0.728,
119,78,21.872,1.696,
119,387,21.872,1.379,
120,78,19.629,0.485,
120,387,19.634,0.504,
121,78,18.986,0.465,
121,387,18.983,0.492,
122,78,19.279,1.046,
122,387,19.298,1.035,
123,78,16.658,0.432,
123,387,16.663,0.437,
124,387,21.525,1.289,
125,387,21.995,1.324,
126,78,20.018,0.506,
126,387,20.033,0.548,
127,387,21.68,1.378,
128,78,19.603,0.542,
128,387,19.626,0.56,
129,78,21.266,0.717,
129,387,21.299,0.647,
130,78,20.608,0.6,
130,387,20.601,0.595,
131,78,18.653,0.493,
131,387,18.656,0.532,
132,78,22.283,0.948,
132,387,22.249,0.974,
133,78,20.103,0.629,
133,387,20.117,0.645,
134,78,19.754,0.492,
134,387,19.774,0.519,
135,78,19.821,0.503,
135,387,19.825,0.519,
136,78,18.474,0.866,
136,387,18.495,0.857,
137,78,22.224,0.928,
137,387,22.241,0.978,
138,78,18.601,0.527,
138,387,18.606,0.554,
139,78,19.499,1.138,
139,387,19.494,1.067,
140,78,18.975,0.51,
140,387,18.988,0.532,
141,78,18.615,0.571,
141,387,18.599,0.587,
142,78,18.524,0.604,
142,387,18.542,0.61,
143,78,19.53,0.479,
143,387,19.521,0.51,
144,78,22.355,0.884,
144,387,22.339,0.936,
145,78,19.758,0.514,
145,387,19.752,0.531,
146,78,20.179,0.529,
146,387,20.168,0.556,
147,78,19.402,0.478,
147,387,19.383,0.501,
148,78,19.713,0.49,
148,387,19.725,0.52,
149,78,22.251,0.844,
149,387,22.209,0.914,
150,78,18.775,0.702,
150,387,18.794,0.713,
151,78,20.908,0.586,
151,387,20.906,0.639,
152,387,22.023,0.8,
153,78,18.978,0.904,
153,387,18.867,0.885,
154,78,17.266,0.994,
154,387,17.286,0.973,
155,78,19.333,0.492,
155,387,19.333,0.506,
156,78,20.239,0.545,
156,387,20.274,0.568,
157,78,22.172,0.829,
157,387,22.148,0.874,
158,78,21.793,1.295,
158,387,21.815,1.319,
159,78,16.639,0.983,
159,387,16.627,0.998,
160,78,22.48,1.091,
160,387,22.529,0.905,
161,78,17.706,0.943,
161,387,17.699,0.933,
162,78,21.007,0.563,
162,387,20.958,0.712,
163,78,21.463,0.1,
163,387,21.201,0.187,
164,78,21.909,1.634,
164,387,21.971,1.453,
165,78,20.867,1.565,
165,387,20.929,1.402,
166,78,22.141,0.915,
166,387,22.166,0.77,
167,387,22.534,1.396,
168,78,17.968,1.303,
168,387,18.011,1.238,
169,78,18.91,0.469,
169,387,18.917,0.492,
170,78,20.692,0.589,
170,387,20.682,0.59,
171,78,18.651,0.532,
171,387,18.64,0.528,
172,78,19.225,0.503,
172,387,19.214,0.516,
173,78,20.776,1.533,
173,387,20.828,1.378,
174,78,19.825,0.493,
174,387,19.797,0.538,
175,78,18.112,0.722,
175,387,18.095,0.723,
176,78,20.701,0.578,
176,387,20.658,0.556,
177,78,19.317,0.504,
177,387,19.334,0.474,
178,387,22.606,0.899,
179,78,20.378,1.038,
179,387,20.389,1.04,
180,78,17.885,0.531,
180,387,17.889,0.55,
181,78,20.04,0.546,
181,387,20.029,0.568,
182,78,21.792,0.823,
182,387,21.789,0.698,
183,78,15.988,0.474,
183,387,15.99,0.483,
184,78,21.111,0.706,
184,387,21.117,0.848,
185,78,20.229,0.527,
185,387,20.225,0.548,
186,78,19.858,0.498,
186,387,19.857,0.512,
187,78,20.048,0.632,
187,387,20.032,0.767,
188,78,19.974,0.506,
188,387,19.958,0.56,
189,78,21.094,0.808,
189,387,21.129,0.826,
190,78,19.753,0.749,
190,387,19.771,0.757,
191,78,19.462,0.478,
191,387,19.447,0.539,
192,78,20.396,1.287,
192,387,20.424,1.251,
193,78,19.616,0.857,
193,387,19.625,0.84,
194,78,21.272,0.697,
194,387,21.267,0.701,
195,78,18.527,0.519,
195,387,18.539,0.528,
196,78,21.049,0.645,
196,387,21.049,0.616,
197,78,20.399,0.525,
197,387,20.399,0.543,
198,78,20.499,0.564,
198,387,20.503,0.603,
199,78,17.024,0.87,
199,387,17.022,0.86,
200,78,20.192,0.514,
200,387,20.189,0.543,
201,387,21.361,1.612,
202,78,20.483,0.538,
202,387,20.442,0.575,
203,78,22.103,0.949,
203,387,22.01,0.967,
204,78,19.779,0.937,
204,387,19.811,0.899,
205,78,22.003,1.5,
205,387,21.999,1.454,
206,78,19.282,0.483,
206,387,19.289,0.5,
207,78,16.522,0.461,
207,387,16.501,0.481,
208,78,21.506,0.76,
208,387,21.548,0.744,
209,78,20.895,0.622,
209,387,20.902,0.653,
210,78,19.659,0.486,
210,387,19.683,0.468,
211,78,20.321,0.543,
211,387,20.334,0.553,
212,78,19.386,0.846,
212,387,19.444,0.793,
213,78,19.817,0.978,
213,387,19.826,0.963,
214,78,19.486,0.46,
214,387,19.476,0.545,
215,78,18.631,0.562,
215,387,18.608,0.591,
216,78,19.072,0.949,
216,387,19.078,0.965,
217,78,18.645,0.607,
217,387,18.661,0.603,
218,78,16.931,0.445,
218,387,16.891,0.487,
219,78,21.341,0.729,
219,387,21.393,0.652,
220,78,16.561,0.966,
220,387,16.574,0.946,
221,78,19.341,0.505,
221,387,19.344,0.523,
222,78,21.93,0.861,
222,387,21.96,0.556,
223,78,20.906,0.649,
223,387,20.952,0.56,
224,78,19.776,0.515,
224,387,19.768,0.507,
225,78,20.103,0.514,
225,387,20.1,0.594,
226,78,17.876,1.185,
226,387,17.927,1.121,
227,78,20.022,0.588,
227,387,20.022,0.657,
228,78,20.928,0.637,
228,387,20.914,0.76,
229,78,21.111,0.665,
229,387,21.071,0.781,
230,78,21.627,0.714,
230,387,21.594,0.866,
231,78,20.497,0.583,
231,387,20.499,0.562,
232,78,21.391,0.711,
232,387,21.41,0.79,
233,78,20.31,0.525,
233,387,20.295,0.566,
234,78,19.555,0.485,
234,387,19.539,0.529,
235,78,18.994,1.489,
235,387,19.027,1.41,
236,78,19.172,0.73,
236,387,19.177,0.731,
237,78,21.357,0.637,
237,387,21.339,0.629,
238,78,21.85,1.138,
238,387,21.941,1.326,
239,78,17.558,0.592,
239,387,17.544,0.618,
240,78,20.47,1.06,
240,387,20.426,1.124,
241,78,19.771,0.565,
241,387,19.788,0.611,
242,78,16.941,1.017,
242,387,16.94,1.012,
243,78,18.776,0.473,
243,387,18.763,0.526,
244,78,19.789,0.518,
244,387,19.829,0.455,
245,387,21.655,1,
246,78,21.564,1.478,
246,387,21.583,1.497,
247,78,19.393,0.516,
247,387,19.401,0.542,
248,78,18.55,0.871,
248,387,18.558,0.902,
249,78,17.55,0.622,
249,387,17.555,0.625,
250,78,18.021,0.666,
250,387,18.036,0.65,
251,78,20.69,0.566,
251,387,20.716,0.538,
252,78,18.669,0.624,
252,387,18.658,0.65,
253,78,20.45,0.579,
253,387,20.44,0.584,
254,78,18.308,0.489,
254,387,18.304,0.511,
255,78,19.008,0.496,
255,387,18.997,0.54,
256,78,20.365,1.418,
256,387,20.38,1.249,
257,78,16.609,0.972,
257,387,16.608,0.97,
258,78,16.596,0.978,
258,387,16.603,0.98,
259,78,16.742,1.06,
259,387,16.749,1.04,
260,78,21.863,0.772,
260,387,21.879,0.872,
261,78,20,0.567,
261,387,20.006,0.531,
262,78,19.205,0.917,
262,387,19.219,0.922,
263,78,19.458,0.452,
263,387,19.494,0.479,
264,78,18.674,0.503,
264,387,18.676,0.507,
265,78,20.696,0.563,
265,387,20.704,0.681,
266,78,22.435,0.856,
266,387,22.39,0.633,
267,78,17.292,0.536,
267,387,17.314,0.536,
268,78,21.508,0.927,
268,387,21.452,1.001,
269,78,17.044,0.696,
269,387,17.026,0.714,
270,78,17.482,0.54,
270,387,17.481,0.543,
271,78,21.023,0.648,
271,387,20.983,0.826,
272,78,19.563,0.537,
272,387,19.545,0.594,
273,78,20.494,0.564,
273,387,20.497,0.653,
274,78,18.638,0.43,
274,387,18.635,0.445,
275,78,20.271,0.535,
275,387,20.272,0.527,
276,78,18.719,0.864,
276,387,18.702,0.856,
277,78,21.932,0.781,
277,387,21.894,0.657,
278,387,20.926,0.664,
279,78,21.396,0.763,
279,387,21.313,0.862,
280,78,21.276,1.056,
280,387,21.281,1.033,
281,78,17.758,0.431,
281,387,17.76,0.44,
282,387,19.825,0.559,
283,78,19.624,0.491,
283,387,19.626,0.501,
284,78,21.118,0.826,
284,387,21.188,0.783,
285,78,20.695,0.583,
285,387,20.698,0.707,
286,78,17.375,0.304,
286,387,17.347,0.348,
287,387,22.418,1.276,
288,78,19.885,0.56,
288,387,19.87,0.553,
289,78,18.651,0.86,
289,387,18.673,0.851,
290,78,21.535,1.452,
290,387,21.526,1.388,
291,78,20.276,0.517,
291,387,20.266,0.548,
292,78,19.691,0.477,
292,387,19.677,0.485,
293,78,21.714,1.619,
293,387,21.763,1.367,
294,78,18.218,0.485,
294,387,18.21,0.511,
295,78,20.74,0.599,
295,387,20.735,0.607,
296,78,19.701,0.519,
296,387,19.703,0.525,
297,78,19.475,0.537,
297,387,19.46,0.548,
298,78,19.241,0.505,
298,387,19.23,0.526,
299,78,21.424,0.731,
299,387,21.413,0.702,
300,78,18.759,0.475,
300,387,18.747,0.497,
301,387,21.648,0.731,
302,78,18.564,0.557,
302,387,18.553,0.577,
303,78,21.112,0.772,
303,387,21.106,0.733,
304,78,21.738,0.861,
304,387,21.705,0.907,
305,78,20.924,0.645,
305,387,20.924,0.658,
306,78,19.255,0.501,
306,387,19.249,0.5,
307,78,19.184,0.489,
307,387,19.168,0.502,
308,387,22.217,0.806,
309,78,19.936,0.49,
309,387,19.945,0.528,
310,78,19.427,0.5,
310,387,19.415,0.503,
311,78,21.304,0.717,
311,387,21.275,0.691,
312,78,18.913,0.337,
312,387,18.899,0.395,
313,78,20.086,0.483,
313,387,20.08,0.538,
314,78,22.217,0.888,
314,387,22.228,0.838,
315,78,20.037,0.502,
315,387,20.028,0.529,
316,78,19.638,0.47,
316,387,19.614,0.493,
317,78,20.124,0.51,
317,387,20.122,0.553,
318,78,20.964,0.65,
318,387,20.963,0.624,
319,78,18.86,0.74,
319,387,18.852,0.723,
320,78,18.667,1.504,
320,387,18.706,1.396,
321,78,21.549,0.714,
321,387,21.507,0.694,
322,78,20.278,0.528,
322,387,20.271,0.529,
323,78,20.818,0.594,
323,387,20.814,0.629,
324,78,20.662,0.597,
324,387,20.672,0.584,
325,78,20.052,0.516,
325,387,20.037,0.511,
326,78,19.826,0.502,
326,387,19.817,0.498,
327,78,21.685,0.818,
327,387,21.637,0.855,
328,78,21.052,0.685,
328,387,21.077,0.656,
329,78,21.563,0.717,
329,387,21.596,0.702,
330,78,19.992,0.579,
330,387,19.99,0.6,
331,78,21.986,0.719,
331,387,22.029,0.834,
332,78,20.629,0.582,
332,387,20.621,0.57,
333,78,22.459,0.862,
333,387,22.39,0.85,
334,78,21.509,0.72,
334,387,21.469,0.709,
335,78,20.247,0.62,
335,387,20.252,0.608,
336,78,18.514,0.885,
336,387,18.53,0.87,
337,78,20.643,1.436,
337,387,20.649,1.299,
338,78,17.559,0.95,
338,387,17.59,0.939,
339,78,19.336,0.483,
339,387,19.329,0.471,
340,78,21.822,0.769,
340,387,21.862,0.779,
341,78,20.054,0.503,
341,387,20.018,0.512,
342,78,20.298,1.011,
342,387,20.268,1.01,
343,78,19.645,0.485,
343,387,19.607,0.494,
344,78,21.007,0.616,
344,387,20.984,0.626,
345,78,20.533,0.565,
345,387,20.534,0.593,
346,78,17.386,0.96,
346,387,17.384,0.935,
347,78,20.98,0.624,
347,387,20.983,0.616,
348,78,18.559,0.455,
348,387,18.533,0.475,
349,78,20.456,1.377,
349,387,20.41,1.545,
350,78,18.898,0.818,
350,387,18.895,0.802,
351,78,20.609,0.552,
351,387,20.633,0.594,
352,78,22.621,0.976,
352,387,22.598,1.046,
353,78,21.999,0.874,
353,387,22.048,0.807,
354,78,20.354,1.058,
354,387,20.306,1.045,
355,78,18.248,0.593,
355,387,18.265,0.616,
356,78,19.071,1.542,
356,387,19.144,1.473,
357,78,19.247,0.488,
357,387,19.228,0.512,
358,78,19.55,0.468,
358,387,19.531,0.491,
359,78,22.262,0.926,
359,387,22.346,0.826,
360,78,18.124,0.923,
360,387,18.119,0.894,
361,78,22.436,0.795,
361,387,22.438,0.891,
362,78,19.12,0.492,
362,387,19.123,0.517,
363,387,22.516,1.429,
364,387,22.795,1.066,
365,387,22.607,1.412,
366,78,19.801,0.483,
366,387,19.779,0.51,
367,78,22.075,0.93,
367,387,22.103,0.865,
368,78,21.927,0.788,
368,387,21.927,0.815,
369,78,22.045,0.732,
369,387,21.979,0.837,
370,78,22.25,0.861,
370,387,22.17,0.853,
371,78,21.077,0.631,
371,387,21.051,0.629,
372,78,19.207,0.486,
372,387,19.207,0.516,
373,78,22.221,0.895,
373,387,22.219,0.786,
374,78,22.054,0.829,
374,387,21.982,0.793,
375,78,21.312,0.646,
375,387,21.35,0.715,
376,78,17.918,0.789,
376,387,17.918,0.778,
377,78,21.95,0.804,
377,387,21.901,0.782,
378,78,19.654,0.593,
378,387,19.647,0.598,
379,78,20.058,0.495,
379,387,20.037,0.536,
380,387,22.874,1.286,
381,78,20.805,0.6,
381,387,20.802,0.629,
382,78,21.398,0.748,
382,387,21.424,0.704,
383,78,22.372,0.902,
383,387,22.357,0.837,
384,78,18.821,0.457,
384,387,18.806,0.476,
385,78,22.683,1.111,
385,387,22.674,1.027,
386,387,22.167,1.475,
387,78,18.58,0.856,
387,387,18.581,0.82,
388,387,22.732,1.338,
389,78,21.242,0.752,
389,387,21.238,0.754,
390,78,21.329,0.671,
390,387,21.339,0.665,
391,78,21.652,0.767,
391,387,21.714,0.834,
392,78,19.957,0.493,
392,387,19.955,0.526,
393,78,21.724,0.804,
393,387,21.744,0.738,
394,78,21.68,0.919,
394,387,21.688,0.764,
395,78,20.113,0.517,
395,387,20.106,0.529,
396,78,22.058,1.631,
396,387,22.157,1.37,
397,78,21.656,0.87,
397,387,21.666,0.83,
398,78,16.579,0.963,
398,387,16.591,0.944,
399,78,20.046,1.541,
399,387,20.121,1.46,
400,78,21.514,0.709,
400,387,21.448,0.685,
401,78,21.465,0.678,
401,387,21.438,0.681,
402,78,22.373,0.966,
402,387,22.293,0.967,
403,78,18.765,0.486,
403,387,18.765,0.488,
404,78,20.317,0.868,
404,387,20.344,0.86,
405,78,20.095,0.491,
405,387,20.073,0.503,
406,78,19.976,1.02,
406,387,19.994,0.985,
407,78,21.315,0.683,
407,387,21.304,0.666,
408,387,21.823,1.358,
409,78,20.714,0.71,
409,387,20.726,0.7,
410,78,19.082,0.82,
410,387,19.127,0.806,
411,78,19.877,0.508,
411,387,19.871,0.499,
412,78,19.532,1.524,
412,387,19.551,1.473,
413,78,19.338,0.509,
413,387,19.345,0.528,
414,78,19.76,0.491,
414,387,19.764,0.501,
415,387,22.957,1.184,
416,78,22.036,0.647,
416,387,21.959,0.79,
417,78,20.766,0.592,
417,387,20.78,0.6,
418,78,21.415,1.408,
418,387,21.4,1.295,
419,78,21.779,0.71,
419,387,21.735,0.773,
420,78,20.42,0.615,
420,387,20.43,0.585,
421,78,18.684,0.874,
421,387,18.724,0.848,
422,78,20.182,0.823,
422,387,20.204,0.795,
423,78,20.893,0.605,
423,387,20.891,0.626,
424,78,20.281,0.518,
424,387,20.273,0.556,
425,78,20.195,0.519,
425,387,20.191,0.531,
426,78,17.934,0.381,
426,387,17.93,0.4,
427,78,20.156,0.329,
427,387,20.118,0.552,
428,78,18.532,0.487,
428,387,18.523,0.5,
429,78,22.858,0.77,
429,387,22.793,1.27,
430,78,21.147,0.634,
430,387,21.175,0.631,
431,78,21.792,0.748,
431,387,21.746,0.728,
432,78,19.926,1.265,
432,387,19.958,1.132,
433,78,20.854,0.618,
433,387,20.869,0.619,
434,78,21.095,1.548,
434,387,21.124,1.442,
435,78,21.498,0.688,
435,387,21.442,0.649,
436,387,21.951,1.441,
437,78,20.142,0.514,
437,387,20.15,0.535,
438,78,21.177,0.732,
438,387,21.161,0.726,
439,78,18.531,0.764,
439,387,18.654,0.67,
440,78,20.712,0.568,
440,387,20.742,0.587,
441,78,20.999,0.736,
441,387,20.934,0.773,
442,78,22.486,0.844,
442,387,22.475,0.853,
443,78,21.605,0.866,
443,387,21.686,0.764,
444,78,20.39,0.537,
444,387,20.394,0.543,
445,78,19.373,1.545,
445,387,19.415,1.417,
446,78,19.107,1.699,
446,387,19.32,1.416,
447,78,20.383,0.525,
447,387,20.389,0.556,
448,78,20.592,0.755,
448,387,20.682,0.658,
449,78,19.415,0.483,
449,387,19.426,0.51,
450,78,18.065,0.684,
450,387,18.074,0.687,
451,387,21.923,1.311,
452,387,21.077,1.13,
453,387,21.137,0.608,
454,387,20.66,0.618,
455,387,20.061,1.106,
456,387,16.35,0.746,
457,387,18.944,1.308,
458,387,20.237,0.841,
459,387,21.667,1.373,
460,387,19.283,0.513,
461,387,21.358,0.678,
462,387,19.874,0.493,
463,387,16.842,0.539,
464,387,22.478,1.376,
465,387,22.44,0.784,
466,387,21.378,0.75,
467,387,18.665,0.506,
468,387,18.173,1.087,
469,387,20.397,0.553,
470,387,18.952,1.095,
471,387,18.621,0.878,
472,387,21.357,1.299,
473,387,19.329,0.472,
474,387,21.873,1.295,
475,387,20.171,0.512,
476,387,16.233,0.368,
477,387,22.393,0.887,
478,387,21.738,0.691,
479,387,20.558,0.6,
480,387,20.829,1.403,
481,387,21.695,1.392,
482,387,20.768,0.614,
483,387,22.063,0.764,
484,387,22.706,1.051,
485,387,21.318,1.661,
486,387,21.489,1.361,
487,387,21.672,0.706,
488,387,19.661,0.501,
489,387,21.38,0.699,
490,387,20.133,0.505,
491,387,19.275,1.03,
492,387,21.46,1.033,
493,387,20.085,0.506,
494,387,19.729,0.481,
495,387,21.284,1.196,
496,387,16.75,0.519,
497,387,20.663,1.168,
498,387,20.412,0.53,
499,387,20.249,0.544,
500,387,20.747,0.546,
501,387,21.576,1.11,
502,387,21.894,0.754,
503,387,18.167,0.616,
504,387,19.88,1.013,
505,387,19.805,0.885,
506,387,17.369,0.246,
507,387,20.241,0.532,
508,387,21.094,0.573,
509,387,19.443,0.702,
510,387,20.731,1.381,
511,387,20.617,0.573,
512,387,17.188,0.638,
513,387,20.065,1.374,
514,387,19.879,1.099,
515,387,17.801,0.798,
516,387,18.736,0.581,
517,387,20.193,0.542,
518,387,22.269,0.869,
519,387,20.73,0.61,
520,387,19.34,0.468,
521,387,19.522,0.912,
522,387,16.671,0.474,
523,387,19.535,0.66,
524,387,20.832,0.636,
525,387,20.057,0.99,
526,387,20.145,0.687,
527,387,21.955,0.617,
528,387,16.834,0.514,
529,387,19.133,1.171,
530,387,19.138,0.657,
531,387,21.697,0.433,
532,387,21.507,0.971,
533,387,20.153,1.079,
534,387,16.715,0.63,
535,387,18.323,0.698,
536,387,18.716,0.686,
537,387,19.965,1.387,
538,387,18.296,1.225,
539,387,21.301,0.785,
540,387,19.526,0.493,
541,387,19.129,0.668,
542,387,20.282,0.801,
543,387,19.1,0.487,
544,387,20.721,0.577,
545,387,17.505,0.621,
546,387,19.809,1.154,
547,387,22.125,0.756,
548,387,20.401,0.997,
549,387,18.343,0.596,
550,387,18.746,0.636,
551,387,18.666,0.462,
552,387,19.833,0.478,
553,387,20.438,0.605,
554,387,20.685,1.221,
555,387,19.899,0.88,
556,387,20.246,1.55,
557,387,17.393,0.523,
558,387,18.825,0.587,
559,387,20.857,1.449,
560,387,18.307,0.741,
561,387,20.923,0.926,
562,387,17.946,0.797,
563,387,18.188,0.7,
564,387,20.335,0.612,
565,387,21.602,0.646,
566,387,19.747,1.553,
567,387,18.559,0.994,
568,387,19.28,0.862,
569,387,17.769,0.784,
570,387,21.647,1.348,
571,387,19.888,0.876,
572,387,18.63,0.508,
573,387,20.232,1.111,
574,387,19.242,0.484,
575,387,16.754,0.618,
576,387,16.935,0.634,
577,387,18.3,0.713,
578,387,21.141,1.449,
579,387,19.598,0.876,
580,387,20.737,1.063,
581,387,20.854,0.546,
582,387,19.162,1.101,
583,387,20.924,1.625,
584,387,20.167,1.539,
585,387,21.776,0.746,
586,387,17.273,0.687,
587,387,19.63,0.514,
588,387,18.405,0.715,
589,387,21.231,0.645,
590,387,17.557,0.871,
591,387,20.33,1.203,
592,387,19.282,0.737,
593,387,18.825,0.661,
594,387,20.993,0.732,
595,387,21.572,0.759,
596,387,21.285,0.732,
597,387,17.323,0.655,
598,387,21.545,1.317,
599,387,16.556,0.542,
600,387,18.824,0.659,
601,387,17.258,0.686,
602,387,16.579,0.994,
603,387,19.365,0.901,
604,387,22.053,1.421,
605,387,21.597,0.747,
606,387,19.411,0.535,
607,387,21.838,1.311,
608,387,21.105,1.91,
609,387,21.488,1.385,
610,387,19.331,0.861,
611,387,21.343,0.657,
612,387,22.434,1.376,
613,387,21.076,0.618,
614,387,21.512,1.399,
615,387,19.155,0.513,
616,78,20.943,1.095,
616,387,20.929,1.204,
617,78,17.918,0.835,
617,387,17.903,0.841,
618,78,19.323,0.505,
618,387,19.352,0.515,
619,78,21.102,0.698,
619,387,21.171,0.659,
620,387,20.499,1.627,
621,78,20.206,0.59,
621,387,20.275,0.745,
622,387,20.676,0.609,
623,78,19.089,1.035,
623,387,19.08,1.014,
624,387,21.882,0.798,
625,387,21.678,0.728,
626,387,18.53,0.873,
627,78,19.144,0.493,
627,387,19.177,0.517,
628,78,18.629,0.555,
628,387,18.671,0.584,
629,78,21.502,0.792,
629,387,21.46,0.673,
630,78,19.984,0.501,
630,387,20.003,0.523,
631,78,16.699,0.535,
631,387,16.761,0.465,
632,78,19.541,0.949,
632,387,19.534,0.973,
633,78,21.94,1.42,
633,387,21.959,1.323,
634,78,17.926,0.898,
634,387,17.908,0.894,
635,78,21.285,1.162,
635,387,21.273,1.131,
636,78,18.025,1.156,
636,387,18.068,1.12,
637,78,21.212,0.661,
637,387,21.182,0.687,
638,78,18.325,0.927,
638,387,18.351,0.923,
639,78,20.307,0.52,
639,387,20.34,0.549,
640,78,17.793,0.552,
640,387,17.847,0.495,
641,78,22.404,0.762,
641,387,22.41,0.838,
642,387,22.126,1.448,
643,78,21.962,0.828,
643,387,21.953,0.789,
644,387,21.853,0.746,
645,78,19.957,0.514,
645,387,19.945,0.536,
646,78,19.99,0.482,
646,387,19.98,0.544,
647,78,19.933,0.935,
647,387,19.949,0.9,
648,78,20.155,0.855,
648,387,20.156,0.836,
649,387,22.751,1.065,
650,78,20.319,0.528,
650,387,20.339,0.573,
651,78,20.229,0.519,
651,387,20.208,0.553,
652,78,20.09,0.516,
652,387,20.1,0.536,
653,78,22.602,0.885,
653,387,22.528,0.905,
654,78,19.738,0.483,
654,387,19.737,0.512,
655,78,18.648,0.604,
655,387,18.686,0.627,
656,78,19.343,0.471,
656,387,19.352,0.509,
657,387,21.16,1.077,
658,78,22.04,1.621,
658,387,22.084,1.467,
659,78,19.429,0.491,
659,387,19.43,0.514,
660,78,22.006,0.865,
660,387,22.024,0.795,
661,78,22.406,0.951,
661,387,22.395,0.98,
662,78,18.624,0.569,
662,387,18.634,0.572,
663,78,21.764,0.818,
663,387,21.743,0.794,
664,78,22.356,0.963,
664,387,22.408,0.924,
665,78,19.404,0.476,
665,387,19.352,0.493,
666,78,20.427,0.804,
666,387,20.393,0.794,
667,78,20.667,0.557,
667,387,20.663,0.584,
668,78,20.553,0.576,
668,387,20.548,0.594,
669,78,19.209,0.503,
669,387,19.2,0.508,
670,78,20.393,0.541,
670,387,20.406,0.567,
671,78,22.112,0.85,
671,387,22.171,0.799,
672,78,20.159,0.529,
672,387,20.134,0.538,
673,78,20.776,0.626,
673,387,20.81,0.606,
674,78,19.323,0.492,
674,387,19.306,0.506,
675,78,19.222,0.503,
675,387,19.221,0.514,
676,387,22.168,1.036,
677,78,20.124,0.546,
677,387,20.13,0.516,
678,78,20.142,0.527,
678,387,20.128,0.556,
679,78,20.768,0.555,
679,387,20.716,0.6,
680,78,19.356,0.488,
680,387,19.335,0.501,
681,78,19.396,0.484,
681,387,19.424,0.472,
682,78,18.139,0.677,
682,387,18.164,0.667,
683,78,19.572,0.54,
683,387,19.582,0.574,
684,78,21.798,1.249,
684,387,21.804,1.436,
685,78,19.401,0.568,
685,387,19.403,0.609,
686,78,17.937,0.656,
686,387,17.9,0.693,
687,78,20.03,1.597,
687,387,20.053,1.55,
688,78,20.704,0.631,
688,387,20.688,0.691,
689,78,19.722,0.569,
689,387,19.718,0.597,
690,78,20.096,1.213,
690,387,20.07,1.186,
691,78,19.897,0.588,
691,387,19.91,0.623,
692,78,18.657,0.797,
692,387,18.691,0.783,
693,78,21.325,0.089,
693,387,21.287,0.16,
694,78,18.672,0.525,
694,387,18.658,0.549,
695,78,20.778,0.698,
695,387,20.751,0.719,
696,78,21.898,0.857,
696,387,21.908,1.076,
697,78,20.251,0.533,
697,387,20.243,0.555,
698,78,20.917,0.73,
698,387,20.882,0.837,
699,78,21.089,0.644,
699,387,21.085,0.742,
700,78,19.707,0.488,
700,387,19.712,0.512,
701,78,20.209,0.518,
701,387,20.206,0.56,
702,78,17.506,0.958,
702,387,17.498,0.958,
703,78,18.743,0.489,
703,387,18.729,0.514,
704,78,19.889,0.578,
704,387,19.861,0.664,
705,78,19.483,0.484,
705,387,19.46,0.533,
706,78,21.395,0.682,
706,387,21.431,0.747,
707,78,21.038,1.495,
707,387,21.04,1.566,
708,78,19.172,0.47,
708,387,19.171,0.492,
709,78,18.895,0.799,
709,387,18.892,0.804,
710,78,19.287,0.484,
710,387,19.275,0.54,
711,78,19.287,0.48,
711,387,19.303,0.518,
712,78,17.983,0.902,
712,387,18.003,0.875,
713,78,20.116,0.539,
713,387,20.109,0.528,
714,78,18.477,0.616,
714,387,18.492,0.62,
715,78,20.958,0.704,
715,387,20.931,0.896,
716,78,21.234,0.626,
716,387,21.301,0.773,
717,387,21.905,1.208,
718,78,17.645,0.941,
718,387,17.658,0.921,
719,78,18.82,0.743,
719,387,18.818,0.797,
720,78,19.305,0.402,
720,387,19.166,0.553,
721,78,20.398,0.67,
721,387,20.433,0.731,
722,78,19.887,0.506,
722,387,19.863,0.536,
723,78,20.307,0.604,
723,387,20.359,0.542,
724,78,21.333,0.553,
724,387,21.295,0.895,
725,78,21.629,0.748,
725,387,21.568,0.858,
726,78,20.741,0.636,
726,387,20.754,0.665,
727,78,20.295,0.544,
727,387,20.289,0.576,
728,78,19.326,0.49,
728,387,19.328,0.515,
729,78,20.373,0.563,
729,387,20.383,0.549,
730,78,19.311,0.446,
730,387,19.328,0.419,
731,78,22.118,1.003,
731,387,22.12,0.785,
732,78,21.649,0.848,
732,387,21.85,1.047,
733,78,20.556,0.549,
733,387,20.574,0.631,
734,78,19.043,0.489,
734,387,19.043,0.517,
735,78,17.508,0.946,
735,387,17.506,0.93,
736,78,21.21,0.686,
736,387,21.214,0.638,
737,78,18.686,0.815,
737,387,18.7,0.788,
738,78,20.114,1.542,
738,387,20.112,1.628,
739,78,19.707,0.465,
739,387,19.686,0.512,
740,78,19.908,0.568,
740,387,19.884,0.587,
741,78,21.725,0.805,
741,387,21.734,0.717,
742,78,20.033,0.554,
742,387,20.038,0.574,
743,78,19.822,0.522,
743,387,19.794,0.56,
744,78,18.695,0.488,
744,387,18.684,0.51,
745,78,21.418,0.659,
745,387,21.374,0.67,
746,78,21.682,0.544,
746,387,21.713,0.548,
747,78,19.988,0.514,
747,387,19.98,0.529,
748,387,21.655,0.719,
749,78,20.504,1.57,
749,387,20.47,1.46,
750,78,19.237,0.485,
750,387,19.238,0.507,
751,78,19.983,0.508,
751,387,19.967,0.521,
752,78,19.298,0.475,
752,387,19.299,0.506,
753,387,22.804,1.414,
754,78,20.257,0.524,
754,387,20.226,0.525,
755,78,20.632,0.564,
755,387,20.606,0.584,
756,78,21.911,1.17,
756,387,21.887,1.001,
757,78,16.859,0.649,
757,387,16.877,0.639,
758,78,22.22,0.782,
758,387,22.144,0.857,
759,78,17.782,0.906,
759,387,17.78,0.893,
760,78,19.508,0.472,
760,387,19.5,0.508,
761,78,20.782,0.593,
761,387,20.761,0.586,
762,78,22.254,1.05,
762,387,22.23,0.854,
763,78,22.154,0.948,
763,387,22.167,0.85,
764,78,21.685,0.736,
764,387,21.716,0.717,
765,78,20.569,0.686,
765,387,20.564,0.711,
766,78,19.583,0.476,
766,387,19.586,0.493,
767,78,22.707,0.981,
767,387,22.735,0.947,
768,78,21.559,0.749,
768,387,21.564,0.738,
769,78,19.507,0.465,
769,387,19.486,0.482,
770,78,19.644,1.407,
770,387,19.634,1.302,
771,78,20.91,0.645,
771,387,20.953,0.639,
772,78,18.958,0.495,
772,387,18.945,0.507,
773,78,21.113,0.637,
773,387,21.088,0.647,
774,78,18.95,1.373,
774,387,18.965,1.271,
775,78,18.601,0.491,
775,387,18.602,0.508,
776,78,20.45,0.635,
776,387,20.444,0.62,
777,387,22.912,1.368,
778,78,19.144,0.981,
778,387,19.268,0.938,
779,78,22.001,1.464,
779,387,21.994,1.273,
780,78,20.9,0.637,
780,387,20.91,0.611,
781,78,21.893,0.731,
781,387,21.878,0.816,
782,78,18.574,0.769,
782,387,18.588,0.76,
783,78,17.808,0.793,
783,387,17.824,0.798,
784,78,17.652,0.927,
784,387,17.65,0.882,
785,78,21.389,0.725,
785,387,21.28,0.789,
786,78,20.321,0.55,
786,387,20.32,0.564,
787,78,20.106,0.531,
787,387,20.09,0.53,
788,78,17.739,0.592,
788,387,17.748,0.581,
789,78,20.302,0.946,
789,387,20.336,0.928,
790,78,20.713,0.675,
790,387,20.733,0.724,
791,78,18.796,0.464,
791,387,18.796,0.487,
792,78,20.586,1.586,
792,387,20.658,1.402,
793,78,19.167,1.514,
793,387,19.21,1.363,
794,78,20.981,0.643,
794,387,20.981,0.591,
795,78,21.174,0.666,
795,387,21.184,0.649,
796,78,22.081,0.809,
796,387,22.066,0.828,
797,78,22.052,0.877,
797,387,22.008,0.9,
798,78,21.451,0.725,
798,387,21.461,0.703,
799,78,21.061,0.857,
799,387,21.306,0.649,
800,78,20.139,0.563,
800,387,20.189,0.518,
801,78,19.377,0.449,
801,387,19.374,0.469,
802,78,21.482,0.715,
802,387,21.535,0.727,
803,387,19.46,0.804,
804,78,21.514,1.578,
804,387,21.534,1.446,
805,78,21.875,0.898,
805,387,21.924,0.807,
806,78,20.939,0.697,
806,387,21.062,0.718,
807,78,20.748,0.393,
807,387,20.734,0.584,
808,387,21.169,0.643,
809,387,17.002,0.533,
810,387,20.178,1.223,
811,387,16.845,0.397,
812,387,21.663,0.726,
813,387,19.858,0.486,
814,387,18.915,1.001,
815,387,20.308,0.536,
816,387,17.935,1.346,
817,387,19.981,0.518,
818,387,18.797,0.475,
819,387,19.517,0.481,
820,387,20.164,0.509,
821,387,19.589,0.495,
822,387,19.487,0.454,
823,387,20.154,0.571,
824,387,21.057,1.2,
825,387,21.086,0.63,
826,387,19.532,0.488,
827,387,20.041,0.5,
828,387,19.397,0.468,
829,387,20.462,1.436,
830,387,21.258,1.095,
831,387,21.98,1.24,
832,387,21.016,1.336,
833,387,22.646,1.395,
834,387,22.109,0.67,
835,387,20.037,0.501,
836,387,18.379,0.622,
837,387,19.108,0.47,
838,387,19.215,0.587,
839,387,22.198,0.819,
840,387,19.985,0.495,
841,387,19.825,0.888,
842,387,20.105,0.46,
843,387,20.642,1.479,
844,387,20.848,0.797,
845,387,19.431,0.634,
846,387,19.271,0.703,
847,387,20.151,1.324,
848,387,18.462,0.58,
849,387,19.464,1.423,
850,387,20.684,0.702,
851,387,18.642,0.647,
852,387,18.736,0.778,
853,387,16.186,0.547,
854,387,19.55,0.686,
855,387,19.643,0.506,
856,387,16.648,1.237,
857,387,21.267,1.488,
858,78,21.051,0.937,
858,387,21.284,1.06,
859,78,20.096,0.522,
859,387,20.083,0.507,
860,78,20.444,0.595,
860,387,20.485,0.559,
861,78,20.159,0.528,
861,387,20.164,0.549,
862,78,20.352,0.678,
862,387,20.37,0.717,
863,78,19.202,0.97,
863,387,19.208,0.934,
864,78,21.813,0.782,
864,387,21.805,0.765,
865,78,20.162,0.519,
865,387,20.148,0.529,
866,78,21.062,0.625,
866,387,21.061,0.689,
867,78,19.173,0.502,
867,387,19.168,0.539,
868,78,18.876,0.958,
868,387,18.855,0.987,
869,78,17.736,0.898,
869,387,17.739,0.905,
870,78,21.339,0.705,
870,387,21.289,0.74,
871,78,18.562,0.573,
871,387,18.557,0.614,
872,78,19.47,1.484,
872,387,19.455,1.49,
873,78,20.082,0.514,
873,387,20.097,0.573,
874,78,19.096,0.502,
874,387,19.07,0.55,
875,387,21.647,0.771,
876,78,19.977,0.312,
876,387,19.75,0.582,
877,78,20.128,0.527,
877,387,20.093,0.55,
878,78,20.233,0.53,
878,387,20.214,0.581,
879,78,20.335,0.564,
879,387,20.35,0.592,
880,78,18.293,0.524,
880,387,18.293,0.549,
881,78,19.26,0.472,
881,387,19.25,0.512,
882,78,20.99,0.685,
882,387,20.957,0.75,
883,78,19.191,0.495,
883,387,19.178,0.53,
884,78,18.976,0.442,
884,387,18.912,0.531,
885,78,18.838,0.48,
885,387,18.816,0.498,
886,78,21.698,0.857,
886,387,21.713,0.78,
887,78,19.681,0.552,
887,387,19.645,0.565,
888,78,20.574,1.075,
888,387,20.584,1.012,
889,78,21.65,1.287,
889,387,21.699,1.343,
890,78,22.058,0.859,
890,387,22.085,0.822,
891,78,17.07,0.533,
891,387,17.059,0.552,
892,78,20.805,0.606,
892,387,20.789,0.609,
893,78,20.85,0.649,
893,387,20.898,0.502,
894,78,18.794,0.689,
894,387,18.783,0.685,
895,78,21.545,1.417,
895,387,21.543,1.404,
896,78,20.938,0.632,
896,387,20.917,0.651,
897,78,19.389,0.48,
897,387,19.381,0.479,
898,78,21.433,1.111,
898,387,21.388,1.04,
899,78,20.735,0.677,
899,387,20.738,0.737,
900,387,20.62,1.095,
901,78,20.315,0.529,
901,387,20.309,0.559,
902,78,20.665,0.596,
902,387,20.705,0.563,
903,387,16.442,0.74,
904,78,21.814,0.866,
904,387,21.855,0.802,
905,387,18.632,0.593,
906,387,22.526,1.398,
907,387,21.494,1.247,
908,387,21.618,0.758,
909,387,21.501,1.295,
910,387,21.105,1.13,
911,387,21.49,0.692,
912,387,22.033,1.397,
913,387,19.716,0.485,
914,387,20.429,0.503,
915,387,17.738,1.076,
916,78,18.2,0.501,
916,387,18.186,0.534,
917,78,20.276,0.558,
917,387,20.268,0.567,
918,78,21.427,0.729,
918,387,21.486,0.981,
919,78,20.039,0.514,
919,387,20.036,0.529,
920,78,22.003,0.796,
920,387,22.041,0.784,
921,78,19.488,0.483,
921,387,19.504,0.505,
922,78,21.322,1.638,
922,387,21.383,1.691,
923,387,19.095,0.739,
924,78,22.62,0.982,
924,387,22.661,0.895,
925,78,20.52,0.55,
925,387,20.517,0.608,
926,78,20.798,0.639,
926,387,20.889,0.705,
927,78,19.344,0.525,
927,387,19.328,0.574,
928,78,19.868,0.525,
928,387,19.882,0.533,
929,78,18.639,0.625,
929,387,18.647,0.65,
930,78,18.638,0.478,
930,387,18.619,0.536,
931,78,21.699,0.847,
931,387,21.875,0.928,
932,78,21.189,0.662,
932,387,21.179,0.647,
933,78,16.465,0.984,
933,387,16.447,0.988,
934,78,17.076,0.704,
934,387,17.094,0.679,
935,78,21.004,0.714,
935,387,20.926,0.709,
936,78,21.943,0.847,
936,387,21.878,0.815,
937,78,18.208,1.1,
937,387,18.212,1.084,
938,78,21.046,1.369,
938,387,21.092,1.316,
939,78,21.909,1.007,
939,387,21.93,0.865,
940,78,19.028,0.62,
940,387,19.028,0.622,
941,78,17.978,0.67,
941,387,17.998,0.687,
942,387,19.551,0.49,
943,387,20.061,1.337,
944,387,20.513,1.252,
945,387,17.022,0.499,
946,387,17.551,0.637,
947,387,18.486,1.243,
948,387,20.892,0.68,
949,78,16.191,1.056,
949,387,16.221,1.023,
950,78,15.855,0.972,
950,387,15.856,0.988,
951,78,19.419,0.489,
951,387,19.427,0.518,
952,78,19.011,0.495,
952,387,19.013,0.506,
953,78,19.565,0.524,
953,387,19.573,0.559,
954,78,19.671,0.476,
954,387,19.666,0.536,
955,78,20.671,0.689,
955,387,20.705,0.904,
956,78,18.831,0.5,
956,387,18.86,0.482,
957,78,19.912,0.533,
957,387,19.94,0.531,
958,78,20.536,0.609,
958,387,20.595,0.662,
959,78,18.332,0.293,
959,387,18.316,0.401,
960,78,18.739,0.5,
960,387,18.738,0.527,
961,78,21.643,0.846,
961,387,21.66,0.741,
962,78,19.216,0.495,
962,387,19.211,0.507,
963,78,15.771,0.572,
963,387,15.754,0.578,
964,78,21.13,0.677,
964,387,21.194,0.694,
965,78,15.545,0.482,
965,387,15.555,0.47,
966,387,16.859,1.29,
967,387,15.697,0.442,
968,387,19.827,1.359,
969,387,15.795,0.573,
970,387,21.502,0.734,
971,387,15.936,0.577,
972,78,20.165,1.335,
972,387,20.138,1.353,
973,78,15.656,0.67,
973,387,15.659,0.663,
974,78,19.908,0.525,
974,387,19.876,0.557,
975,78,18.45,0.883,
975,387,18.359,1.107,
976,78,20.708,0.604,
976,387,20.666,0.616,
977,387,20.993,1.184,
978,387,20.918,0.999,
979,387,19.882,0.439,
980,387,21.745,0.674,
981,78,15.891,0.98,
981,387,15.883,0.983,
982,78,19.684,0.519,
982,387,19.707,0.548,
983,78,21.838,0.931,
983,387,21.726,1.161,
984,78,21.557,0.753,
984,387,21.516,0.721,
985,387,22.442,0.853,
986,78,20.247,0.559,
986,387,20.259,0.477,
987,78,21.447,0.652,
987,387,21.382,0.29,
988,78,19.597,0.479,
988,387,19.569,0.524,
989,78,19.225,0.47,
989,387,19.175,0.526,
990,78,20.356,0.615,
990,387,20.3,0.643,
991,387,15.179,0.493,
992,78,15.491,0.664,
992,387,15.493,0.674,
993,78,15.466,0.849,
993,387,15.444,0.876,
994,78,14.587,1.563,
994,387,14.585,1.535,
995,78,15.728,0.948,
995,387,15.729,0.943,
996,78,20.351,0.584,
996,387,20.349,0.59,
997,78,20.603,0.568,
997,387,20.587,0.586,
998,387,15.775,1.044,
999,387,15.352,0.801,
1000,78,19.996,0.536,
1000,387,19.987,0.658,
1001,78,20.249,0.543,
1001,387,20.251,0.532,
1002,387,22.114,0.735,
1003,78,20.428,0.558,
1003,387,20.405,0.568,
1004,387,15.765,0.881,
1005,387,15.361,1.105,
1006,387,15.441,0.596,
1007,387,15.492,0.649,
1008,78,19.385,0.51,
1008,387,19.382,0.345,
1009,78,14.377,1.669,
1009,387,14.31,1.694,
1010,78,19.971,0.478,
1010,387,19.927,0.416,
1011,78,19.34,0.482,
1011,387,19.336,0.495,
1012,78,19.777,0.516,
1012,387,19.714,0.55,
1013,78,20.126,0.55,
1013,387,20.145,0.536,
1014,78,22.209,1.312,
1014,387,22.169,1.341,
1015,78,19.54,0.492,
1015,387,19.532,0.481,
1016,78,18.986,0.447,
1016,387,18.974,0.489,
1017,78,20.208,0.674,
1017,387,20.379,0.56,
1018,387,19.757,1.221,
1019,387,15.377,0.77,
1020,387,20.576,1.951,
1021,78,19.772,0.6,
1021,387,19.821,0.482,
1022,78,19.955,0.49,
1022,387,19.939,0.554,
1023,78,19.991,0.803,
1023,387,19.98,0.867,
1024,78,14.48,1.611,
1024,387,14.458,1.609,
1025,78,20.74,0.663,
1025,387,20.709,0.657,
1026,387,20.748,1.012,
1027,78,19.287,0.461,
1027,387,19.175,0.54,
1028,78,19.634,0.53,
1028,387,19.63,0.539,
1029,78,16.81,1.033,
1029,387,16.811,1.03,
1030,78,19.612,0.528,
1030,387,19.62,0.516,
1031,387,22.61,0.93,
1032,387,21.944,0.806,
1033,387,22.549,0.828,
1034,387,22.192,0.79,
1035,387,22.749,0.908,
1036,387,22.734,0.923,
1037,78,22.375,0.71,
1037,387,22.427,0.673,
1038,78,22.481,0.929,
1038,387,22.502,0.936,
1039,78,22.253,0.977,
1039,387,22.307,0.905,
1040,78,22.565,0.793,
1040,387,22.689,0.952,
1041,387,22.877,0.909,
1042,78,22.592,1.07,
1042,387,22.571,1.039,
1043,387,22.597,0.927,
1044,78,22.362,0.935,
1044,387,22.471,0.851,
1045,78,20.98,0.635,
1045,387,20.969,0.672,
1046,78,22.43,0.968,
1046,387,22.4,0.835,
1047,78,22.393,0.862,
1047,387,22.419,0.895,
1048,78,22.168,0.874,
1048,387,22.126,0.882,
1049,78,22.459,0.863,
1049,387,22.456,0.906,
1050,387,22.677,0.971,
1051,387,22.72,0.859,
1052,387,22.49,0.891,
1053,387,22.587,0.99,
1054,387,22.568,0.825,
1055,387,22.473,0.799,
1056,387,22.725,0.991,
1057,387,22.919,1.121,
1058,78,22.593,0.736,
1058,387,22.642,1.002,
1059,78,22.133,0.923,
1059,387,22.127,0.833,
1060,78,21.274,0.808,
1060,387,21.303,0.763,
1061,78,22.721,1.155,
1061,387,22.67,0.895,
1062,78,22.46,0.857,
1062,387,22.419,0.936,
1063,78,22.385,1.028,
1063,387,22.476,0.859,
1064,78,21.963,0.519,
1064,387,21.903,0.552,
1065,387,22.739,0.915,
1066,387,22.708,0.979,
1067,387,22.741,0.816,
1068,387,22.491,0.918,
1069,387,22.4,1.038,
1070,78,22.702,0.86,
1070,387,22.796,0.959,
1071,387,22.667,0.942,
1072,387,17.013,0.841,
1073,387,22.21,0.908,
1074,387,22.902,0.892,
1075,78,20.543,0.578,
1075,387,20.51,0.593,
1076,78,19.714,0.43,
1076,387,19.66,0.474,
1077,78,18.57,0.543,
1077,387,18.545,0.566,
1078,78,20.672,0.51,
1078,387,20.654,0.612,
1079,78,20.793,0.572,
1079,387,20.72,0.621,
1080,78,20.537,0.44,
1080,387,20.424,0.729,
1081,78,18.873,0.444,
1081,387,18.873,0.445,
1082,78,20.901,0.647,
1082,387,20.907,0.632,
1083,387,21.383,1.218,
1084,78,17.549,0.61,
1084,387,17.605,0.601,
1085,78,18.063,1.285,
1085,387,18.095,1.11,
1086,78,21.069,0.653,
1086,387,21.067,0.608,
1087,78,20.599,0.635,
1087,387,20.651,0.637,
1088,78,19.776,0.632,
1088,387,19.836,0.639,
1089,78,21.095,0.603,
1089,387,21.008,0.661,
1090,387,20.983,1.457,
1091,387,21.927,0.754,
1092,387,21.368,1.254,
1093,387,19.51,1.279,
1094,387,19.99,1.548,
1095,387,21.068,0.673,
1096,387,21.882,0.669,
1097,387,22.189,1.236,
1098,387,20.082,0.921,
1099,387,21.967,0.86,
1100,78,21.245,0.594,
1100,387,21.355,0.682,
1101,387,21.48,1.53,
1102,387,21.527,0.767,
1103,387,21.772,0.725,
1104,78,22.029,0.791,
1104,387,21.859,0.936,
1105,387,20.76,1.188,
1106,78,22.211,0.797,
1106,387,22.371,0.782,
1107,387,21.829,0.658,
1108,387,23.005,0.889,
1109,387,22.736,0.908,
1110,387,22.426,0.743,
1111,78,22.881,0.745,
1111,387,22.747,0.935,
1112,387,22.798,1.006,
1113,78,22.878,0.911,
1113,387,22.803,1.132,
1114,387,22.654,0.892,
1115,387,22.637,0.929,
1116,387,23.25,1.459,
1117,78,22.154,0.874,
1117,387,22.222,0.874,
1118,387,23.035,0.87,
1119,78,22.188,0.948,
1119,387,22.34,0.905,
1120,78,22.847,1.093,
1120,387,22.759,0.969,
1121,78,22.64,0.939,
1121,387,22.535,0.956,
1122,387,22.981,1.112,
1123,387,22.961,0.972,
1124,78,22.133,1.034,
1124,387,22.429,0.876,
1125,387,22.45,0.873,
1126,387,22.562,1.003,
1127,78,22.507,0.994,
1127,387,22.618,1.003,
1128,78,22.591,0.83,
1128,387,22.632,0.941,
1129,78,22.555,0.971,
1129,387,22.483,0.904,
1130,387,22.97,1.007,
1131,78,22.791,1.099,
1131,387,22.778,1.034,
1132,78,22.787,0.617,
1132,387,22.677,0.971,
1133,387,22.734,0.937,
1134,78,22.805,1.022,
1134,387,22.764,0.78,
1135,387,22.684,0.986,
1136,387,22.539,0.9,
1137,78,22.492,1.193,
1137,387,22.592,0.843,
1138,387,23.053,1,
1139,387,22.869,0.943,
1140,387,22.787,0.866,
1141,387,22.76,0.748,
1142,387,23.07,0.836,
1143,387,22.658,0.989,
1144,387,22.903,0.922,
1145,78,21.519,0.699,
1145,387,21.627,0.669,
1146,387,22.131,0.953,
1147,387,22.581,0.382,
1148,387,22.65,1.116,
1149,387,22.002,0.12,
1150,387,22.014,0.772,
1151,387,22.098,1.025,
1152,387,21.47,1.455,
1153,387,19.615,0.392,
1154,387,21.241,1.523,
1155,387,22.846,0.148,
1156,387,21.162,1.475,
1157,387,21.917,1.185,
1158,387,22.677,0.853,
1159,387,22.476,0.929,
1160,387,22.619,0.876,
1161,387,21.176,0.771,
1162,387,22.393,0.908,
1163,387,22.915,0.906,
1164,387,22.767,0.888,
1165,387,23.023,0.571,
1166,78,21.796,1.004,
1166,387,21.815,0.977,
1167,387,23.123,0.878,
1168,387,21.138,0.664,
1169,387,22.506,1.32,
1170,387,23.217,1.047,
1171,387,23.427,0.778,
1172,387,22.93,0.943,
1173,387,22.03,1.323,
1174,387,22.123,0.873,
1175,387,21.905,0.675,
1176,387,22.48,0.766,
1177,387,22.629,1.035,
1178,387,19.815,1.417,
1179,387,22.605,1.026,
1180,387,22.026,1.656,
1181,387,21.477,2.006,
1182,387,22.954,0.146,
1183,387,23.67,,
1184,387,22.29,,
1185,387,22.01,,
1186,387,21.39,,
1187,387,22.95,,
1188,387,23.46,,
1189,387,23.68,,
1190,387,22.74,,
1191,387,22.38,,
1192,387,20.71,,
1193,387,22.19,,
1194,387,22.2,,
1195,387,22.09,,
1196,387,22.74,,
1197,387,23.54,,
1198,387,22.59,,
1199,78,22.128,1.519,
1199,387,22.04,,
1200,387,22.26,,
1201,387,23.19,,
1202,387,23.57,,
1203,387,23.36,,
1204,387,22.2,,
1205,387,23.24,,
1206,387,23.03,,
1207,387,23.6,,
1208,387,22.46,,
1209,387,23.78,,
1210,78,21.768,1.151,
1210,387,21.76,,
1211,387,22.43,,
1212,387,21.08,,
1213,387,22.31,,
1214,387,23.44,,
1215,387,23,,
1216,387,22.87,,
1217,78,22.49,1.38,
1217,387,22.51,,
1218,387,23.14,,
1219,387,23.52,,
1220,78,20.049,0.645,
1220,387,20.04,,
1221,78,21.991,1.484,
1221,387,22.04,,
1222,387,22.34,,
1223,387,23.34,,
1224,387,23.02,,
1225,78,22.236,1.759,
1225,387,22.24,,
1226,387,22.61,,
1227,387,22.88,,
1228,387,22.6,,
1229,78,22.152,0.779,
1229,387,22.15,,
1230,78,22.225,1.501,
1230,387,22.32,,
1231,387,23.09,,
1232,387,22.42,,
1233,387,22.89,,
1234,387,21.12,,
1235,387,23.52,,
1236,387,22.17,,
1237,387,23.06,,
1238,387,22.73,,
1239,387,22.25,,
1240,78,22.168,0.85,
1240,387,22.18,,
1241,387,21.69,,
1242,387,22.19,,
1243,387,22.26,,
1244,387,23.51,,
1245,387,23.65,,
1246,78,22.336,0.918,
1246,387,22.33,,
1247,78,22.391,0.923,
1247,387,22.3,,
1248,387,23.45,,
1249,78,22.164,0.811,
1249,387,22.16,,
1250,78,21.572,1.289,
1250,387,21.57,,
1251,78,21.744,1.328,
1251,387,21.74,,
1252,387,22.23,,
1253,78,21.872,0.804,
1253,387,21.9,,
1254,78,21.982,0.828,
1254,387,21.99,,
1255,387,22.07,,
1256,387,23.12,,
1257,387,22.3,,
1258,387,22.4,,
1259,387,21.01,,
1260,387,23.25,,
1261,387,23.47,,
1262,387,22.09,,
1263,78,22.587,1.008,
1263,387,22.54,,
1264,387,23.78,,
1265,387,22.33,,
1266,387,23.26,,
1267,78,22.493,0.953,
1267,387,22.76,,
1268,78,21.853,1.489,
1268,387,22,,
1269,387,22.05,,
1270,387,22.88,,
1271,78,20.862,1.02,
1271,387,21.17,,
1272,387,22.54,,
1273,387,22.47,,
1274,387,22.33,,
1275,387,23.11,,
1276,387,23.67,,
1277,387,23.06,,
1278,387,23.18,,
1279,387,21.47,,
1280,387,21.94,,
1281,387,21.39,,
1282,387,23.17,,
1283,387,21.73,,
1284,387,20.79,,
1285,387,22.11,,
1286,387,21.28,,
1287,387,21.05,,
1288,387,23.28,,
1289,387,22.62,,
1290,387,23.03,,
1291,387,22.04,,
1292,387,23.59,,
1293,387,22.69,,
1294,387,22.84,,
1295,387,22.75,,
1296,387,21.29,,
1297,387,22.03,,
1298,387,22.28,,
1299,387,22.81,,
1300,387,23.55,,
1301,387,23.12,,
1302,387,21.46,,
1303,387,22.46,,
1304,387,21.91,,
1305,387,22.85,,
1306,387,21.63,,
1307,387,18.6,,
1308,387,21.35,,
1309,387,22.94,,
1310,387,21.83,,
1311,387,22.34,,
1312,387,22.3,,
1313,387,21.88,,
1314,387,23.44,,
1315,387,23.34,,
1316,387,21.06,,
1317,387,22.31,,
1318,387,22.38,,
1319,387,23.31,,
1320,387,22.35,,
1321,387,22.6,,
1322,387,22.24,,
1323,387,21.8,,
1324,387,22.62,,
1325,387,21.99,,
1326,387,21.39,,
1327,387,22.11,,
1328,387,22.3,,
1329,387,22.09,,
1330,387,22,,
1331,387,21.61,,
1332,387,21.7,,
1333,387,22.43,,
1334,387,22.73,,
1335,387,23.31,,
1336,387,23.11,,
1337,387,22.91,,
1338,387,22.61,,
1339,387,21.87,,
1340,387,23.06,,
1341,387,23.42,,
1342,387,23.2,,
1343,78,21.569,1.564,
1343,387,21.68,,
1344,387,21.66,,
1345,387,23.45,,
1346,387,23,,
1347,78,22.018,1.395,
1347,387,22.01,,
1348,387,22.44,,
1349,387,23.15,,
1350,387,17.05,,
1351,78,22.033,1.5,
1351,387,22.09,,
1352,78,21.846,0.817,
1352,387,21.81,,
1353,78,21.424,0.708,
1353,387,21.43,,
1354,78,22.473,1.029,
1354,387,22.56,,
1355,78,21.965,0.897,
1355,387,21.99,,
1356,78,22.018,0.964,
1356,387,22.08,,
1357,387,22.19,,
1358,387,22.27,,
1359,387,22.66,,
1360,387,21.15,,
1361,78,21.981,1.348,
1361,387,21.91,,
1362,387,23.28,,
1363,387,23.51,,
1364,387,23.16,,
1365,387,23.11,,
1366,387,22.77,,
1367,387,22.56,,
1368,387,22.51,,
1369,387,21.85,,
1370,387,21.56,,
1371,387,23.89,,
1372,387,22,,
1373,387,22.33,,
1374,387,22.98,,
1375,387,23.4,,
1376,387,23.26,,
1377,387,22.63,,
1378,387,21.69,,
1379,387,21.64,,
1380,387,22.01,,
1381,387,21.97,,
1382,387,21.88,,
1383,387,21.74,,
1384,387,22.39,,
1385,387,22.56,,
1386,387,22.7,,
1387,387,23.12,,
1388,78,21.491,1.208,
1388,387,21.53,,
1389,387,21.55,,
1390,387,22.14,,
1391,387,21.81,,
1392,387,21.47,,
1393,387,22.22,,
1394,387,22.03,,
1395,387,19.12,,
1396,78,21.61,0.726,
1396,387,21.6,,
1397,387,23.23,,
1398,78,22.095,0.949,
1398,387,22.13,,
1399,387,22.63,,
1400,387,21.84,,
1401,387,21.87,,
1402,387,23.92,,
1403,387,23.68,,
1404,387,18.93,,
1405,387,21.84,,
1406,387,21.91,,
1407,387,15.2,,
1408,387,19.79,,
1409,387,22.34,,
1410,387,19.24,,
1411,387,18.66,,
1412,387,22.94,,
1413,387,20.23,,
1414,78,17.842,0.66,
1414,387,18.08,,
1415,387,13.24,,
1416,78,14.906,0.499,
1416,387,14.92,,
1417,78,14.832,0.732,
1417,387,14.81,,
1418,387,13.54,,
1419,387,22.53,,
1420,387,14.91,,
1421,387,14.09,,
1422,387,14.04,,
1423,78,22.192,0.89,
1423,387,22.24,,
1424,387,21.52,,
1425,387,14.61,,
1426,387,13.21,,
1427,387,13.8,,
1428,78,21.01,0.693,
1428,387,20.97,,
1429,78,21.35,0.82,
1429,387,21.35,,
1430,387,14.91,,
1431,387,17.48,,
1432,387,22.12,,
1433,387,12.2,,
1434,387,13.03,,
1435,387,12.66,,
1436,387,12.61,,
1437,387,21.1,,
1438,387,21.57,,
1439,387,12.41,,
1440,387,22.27,,
1441,387,22.7,,
1442,78,22.751,0.9,
1442,387,22.87,,
1443,387,22.35,,
1444,78,22.377,0.895,
1444,387,22.33,,
1445,78,22.406,1.284,
1445,387,22.42,,
1446,78,22.519,0.898,
1446,387,22.51,,
1447,78,22.325,1.157,
1447,387,22.45,,
1448,78,22.529,0.81,
1448,387,22.41,,
1449,78,22.436,0.869,
1449,387,22.6,,
1450,387,21.22,,
1451,387,22.6,,
1452,387,22.76,,
1453,387,22.82,,
1454,387,23,,
1455,387,22.8,,
1456,387,22.73,,
1457,78,22.889,0.996,
1457,387,22.81,,
1458,387,22.23,,
1459,387,22.55,,
1460,387,22.1,,
1461,78,22.818,1.169,
1461,387,22.74,,
1462,387,22.54,,
1463,387,22.27,,
1464,387,22.69,,
1465,387,22.79,,
1466,387,23.1,,
1467,387,23.05,,
1468,387,22.34,,
1469,387,22.51,,
1470,387,22.61,,
1471,387,21.68,,
1472,387,22.53,,
1473,387,20.16,,
1474,387,15.87,,
1475,387,20.96,,
1476,387,16.5,,
1477,387,16.35,,
1478,387,18.35,,
1479,387,16.65,,
1480,387,19,,
1481,387,17.39,,
1482,387,17.39,,
1483,387,18.87,,
1484,387,22.22,,
1485,387,21.68,,
1486,387,23.28,,
1487,387,20.58,,
1488,387,16.52,,
1489,387,23.06,,
1490,387,21.07,,
1491,387,21.46,,
1492,387,17.4,,
1493,387,20.85,,
1494,387,23.19,,
1495,387,23.26,,
1496,387,19.2,,
1497,387,22.47,,
1498,387,20.65,,
1499,387,19.42,,
1500,387,20.54,,
1501,387,22.4,,
1502,387,20.42,,
1503,387,21.07,,
1504,387,22.11,,
1505,387,19.71,,
1506,387,20.77,,
1507,387,20.66,,
1508,387,18.4,,
1509,387,20.27,,
1510,387,18.18,,
1511,387,21.39,,
1512,387,22.42,,
1513,387,22.12,,
1514,387,18.89,,
1515,387,17.78,,
1516,387,20.03,,
1517,387,21.16,,
1518,387,21.36,,
1519,78,22.225,0.906,
1519,387,22.2,,
1520,387,18.67,,
1521,387,23.21,,
1522,387,21.58,,
1523,387,19.08,,
1524,387,22.67,,
1525,387,22.58,,
1526,387,22.52,,
1527,387,21.17,,
1528,78,22.179,0.919,
1528,387,22.11,,
1529,387,22.48,,
1530,387,23.75,,
1531,387,22.12,,
1532,387,23.39,,
1533,78,20.468,0.501,
1533,387,20.45,,
1534,387,23,,
1535,387,23.4,,
1536,387,21.99,,
1537,387,22.23,,
1538,78,21.979,0.835,
1538,387,21.86,,
1539,387,22.76,,
1540,78,22.78,0.892,
1540,387,22.76,,
1541,78,22.143,0.943,
1541,387,22.17,,
1542,387,22.67,,
1543,387,23.58,,
1544,387,23.09,,
1545,78,23.11,0.9,
1545,387,23.09,,
1546,387,20.94,,
1547,387,23.35,,
1548,387,22.95,,
1549,387,23.17,,
1550,387,23.55,,
1551,78,23.17,1.028,
1551,387,23.09,,
1552,387,23.28,,
1553,387,23.56,,
1554,387,23.1,,
1555,387,22,,
1556,387,22.88,,
1557,387,23.84,,
1558,387,23.6,,
1559,387,23.2,,
1560,387,23.68,,
1561,78,19.292,0.573,
1561,387,19.32,,
1562,387,22.42,,
1563,387,23.9,,
1564,78,22.037,0.793,
1564,387,21.98,,
1565,387,22.69,,
1566,78,22.738,0.699,
1566,387,22.66,,
1567,78,22.453,0.821,
1567,387,22.47,,
1568,387,23.69,,
1569,78,22.167,0.946,
1569,387,21.98,,
1570,78,23.034,1.453,
1570,387,23.02,,
1571,387,23.27,,
1572,387,22.65,,
1573,387,23.35,,
1574,387,22.98,,
1575,387,22.81,,
1576,387,23.22,,
1577,78,22.762,0.699,
1577,387,22.74,,
1578,387,23.07,,
1579,78,23.193,0.519,
1579,387,23.18,,
1580,78,21.928,0.763,
1580,387,21.89,,
1581,387,23.27,,
1582,387,22.69,,
1583,387,23.02,,
1584,387,23.51,,
1585,387,23.55,,
1586,387,23.69,,
1587,387,22.6,,
1588,387,22.79,,
1589,387,19.47,,
1590,387,23.29,,
1591,387,23.55,,
1592,387,22.87,,
1593,387,23.13,,
1594,387,20.96,,
1595,387,21.8,,
1596,78,22.052,0.949,
1596,387,21.97,,
1597,387,21.94,,
1598,387,22.54,,
1599,387,22.96,,
1600,78,22.06,0.6,
1600,387,21.98,,
1601,78,20.659,0.498,
1601,387,20.67,,
1602,387,22.06,,
1603,387,21.99,,
1604,387,23.59,,
1605,387,23.24,,
1606,78,22.468,1.089,
1606,387,22.54,,
1607,78,23.149,0.978,
1607,387,23.16,,
1608,387,23.44,,
1609,78,20.532,0.718,
1609,387,20.47,,
1610,387,22.96,,
1611,387,23.45,,
1612,78,22.722,1.142,
1612,387,22.82,,
1613,387,23.34,,
1614,387,22.88,,
1615,387,22.97,,
1616,387,19.74,,
1617,387,23.46,,
1618,387,23.22,,
1619,387,23.01,,
1620,387,22.8,,
1621,387,23.03,,
1622,387,20.45,,
1623,387,23.34,,
1624,387,23.18,,
1625,387,21.96,,
1626,387,23.59,,
1627,387,23.43,,
1628,387,22.12,,
1629,387,23,,
1630,387,23.38,,
1631,387,23.46,,
1632,387,21.66,,
1633,387,22.92,,
1634,387,22.62,,
1635,387,23.2,,
1636,387,23.35,,
1637,387,23.11,,
1638,387,23.24,,
1639,387,23.3,,
1640,387,23.58,,
1641,387,23.28,,
1642,387,23.15,,
1643,387,22.15,,
1644,387,23.04,,
1645,387,23.15,,
1646,387,23.54,,
1647,387,23.42,,
1648,387,22.55,,
1649,387,21.92,,
1650,78,21.293,1.44,
1651,78,21.001,0.874,
1652,78,21.022,1.689,
1653,78,21.805,0.813,
1654,78,16.146,0.693,
1655,78,20.003,1.458,
1656,78,19.413,1.432,
1657,78,20.306,1.205,
1658,78,16.53,0.729,
1659,78,21.251,0.769,
1660,78,20.033,1.689,
1661,78,17.995,0.691,
1662,78,21.574,1.522,
1663,78,20.56,0.472,
1664,78,17.113,0.429,
1665,78,19.215,0.79,
1666,78,19.524,0.651,
1667,78,21.483,0.956,
1668,78,16.842,0.536,
1669,78,21.286,0.63,
1670,78,15.666,0.44,
1671,78,18.02,1.071,
1672,78,19.555,1.624,
1673,78,21.296,1.101,
1674,78,18.361,0.696,
1675,78,18.027,1.029,
1678,78,16.78,0.765,
1679,78,14.2,0.579,
1681,78,20.178,1.179,
1682,78,18.99,0.799,
1683,78,19.273,0.906,
1684,78,21.816,1.323,
1685,78,17.509,0.719,
1686,78,14.542,0.672,
1687,78,18.94,0.901,
1688,78,21.929,0.73,
1689,78,19.387,1.088,
1690,78,20.351,1.085,
1691,78,18.813,0.799,
1692,78,18.176,1.234,
1694,78,19.659,0.862,
1695,78,19.229,1.144,
1696,78,20.703,1.51,
1697,78,20.964,1.535,
1698,78,19.61,0.85,
1699,78,21.742,1.153,
1700,78,16.124,0.855,
1701,78,18.923,0.462,
1702,78,21.713,1.678,
1704,78,19.108,0.879,
1705,78,19.032,0.491,
1706,78,17.781,0.745,
1708,78,19.264,0.749,
1709,78,20.31,1.055,
1710,78,20.629,1.125,
1711,78,21.136,1.135,
1712,78,19.434,0.463,
1713,78,21.212,0.706,
1714,78,20.516,1.149,
1715,78,19.399,0.994,
1716,78,18.455,0.573,
1717,78,17.883,0.624,
1718,78,16.295,1.102,
1719,78,21.159,1.412,
1720,78,15.301,0.55,
1722,78,18.524,0.653,
1723,78,20.591,0.576,
1724,78,21.587,1.178,
1725,78,18.831,0.843,
1726,78,18.346,0.553,
1727,78,17.62,1.182,
1728,78,21.991,0.517,
1729,78,20.176,0.962,
1730,78,20.208,0.714,
1731,78,21.075,0.647,
1732,78,16.558,0.819,
1733,78,15.252,0.444,
1734,78,17.506,0.498,
1735,78,18.715,0.682,
1736,78,18.926,1.506,
1737,78,15.172,0.973,
1738,78,22.041,1.319,
1739,78,21.523,1.43,
1740,78,16.603,0.563,
1741,78,19.711,1.105,
1742,78,17.26,0.483,
1743,78,18.949,0.453,
1744,78,18.792,0.77,
1745,78,18.513,1.03,
1746,78,22.109,0.7,
1748,78,20.072,1.491,
1749,78,21.247,1.244,
1750,78,20.269,1.503,
1751,78,18.834,0.807,
1753,78,15.401,0.518,
1754,78,21.113,1.384,
1755,78,20.586,0.83,
1756,78,19.834,0.48,
1757,78,18.834,0.717,
1758,78,21.637,0.755,
1759,78,19.976,1.487,
1760,78,19.235,0.501,
1761,78,16.454,0.593,
1762,78,17.35,0.522,
1763,78,17.9,0.666,
1764,78,19.514,0.735,
1765,78,20.994,1.265,
1766,78,21.268,1.349,
1767,78,20.383,1.108,
1768,78,20.636,1.203,
1769,78,20.534,1.311,
1770,78,21.002,1.489,
1772,78,22.107,0.78,
1778,78,23.009,0.023,
1779,78,23.353,1.419,
1783,78,22.389,0.866,
1786,78,21.049,1.038,
1790,78,21.203,-0.404,
1791,78,20.234,0.443,
1793,78,20.606,1.537,
1803,78,21.633,0.904,
1806,78,20.888,0.199,
1807,78,20.976,0.809,
1809,78,21.138,0.847,
1811,78,21.756,1.053,
1812,78,19.854,0.818,
1815,78,21.199,0.919,
1819,78,21.533,0.971,
1821,78,21.561,1.017,
1823,78,20.437,0.248,
1824,78,21.777,0.394,
1826,78,22.525,0.898,
1828,78,21.059,1.488,
1833,78,21.266,0.873,
1836,78,22.732,1.145,
1837,78,23.047,0.486,
1840,78,20.212,0.53,
1841,78,19.877,0.179,
1842,78,19.847,0.515,
1846,78,22.131,0.868,
1847,78,22.52,0.455,
1849,78,22.502,0.973,
1854,78,22.149,0.807,
1856,78,21.065,0.158,
